<OutOfBrowserSettings ShortName="Vision_Clinic_CSharp" EnableGPUAcceleration="False" ShowInstallMenuItem="False">
  <OutOfBrowserSettings.Blurb>Vision_Clinic_CSharp</OutOfBrowserSettings.Blurb>
  <OutOfBrowserSettings.WindowSettings>
    <WindowSettings Title="Vision_Clinic_CSharp" />
  </OutOfBrowserSettings.WindowSettings>
  <OutOfBrowserSettings.SecuritySettings>
    <SecuritySettings ElevatedPermissions="Required" />
  </OutOfBrowserSettings.SecuritySettings>
  <OutOfBrowserSettings.Icons />
</OutOfBrowserSettings>